{"v":[0,-0.74,0,-0.53,-0.45,0.72,-0.85,-0.45,-0.28,0,-0.45,-0.89,0.85,-0.45,-0.28,0.53,-0.45,0.72,-0.69,0.45,0.28,-0.96,0.45,-0.72,0.96,0.45,-0.72,0.69,0.45,0.28,0,0.45,0.89,0,1,0,-0.26,0,0.81,0.26,0,0.81,-1.05,-0.19,0.6,1.05,-0.19,0.6,-0.43,0.45,0.59,0.43,0.45,0.59,-0.65,0.92,0.04,0,0.72,0.45,0.65,0.92,0.04],"f":[0,2,3,0,0,3,4,0,2,14,6,0,3,2,7,0,4,3,8,0,4,15,5,0,1,12,14,0,2,6,7,0,4,8,9,0,5,15,13,0,7,18,11,0,8,20,9,0,10,17,19,0,16,10,19,0,13,17,10,0,13,15,17,0,14,12,16,0,12,10,16,0,2,1,14,0,4,9,15,0,7,6,18,0,8,11,20,0,12,13,10,1,0,1,2,2,1,0,5,2,0,4,5,2,3,7,8,2,8,7,11,2,19,20,11,2,19,17,20,2,18,19,11,2,18,16,19,2,5,12,1,2,5,13,12,2,6,16,18,3,17,9,20,3,15,9,17,3,14,16,6,3],"c":[0.0524,0.8,0.8,0.8,0.146314,0.114355,0.288296,0.288296,0.288296,0.77915,0.8,0.172336]}