{"v":[-1.5,0.09,-1.5,-1,0.09,0.5,-1,-0.41,-0.5,0,0.59,0,1,-0.41,-0.5,1,0.09,0.5,1.5,0.09,-1.5,0,0.09,2.5,0,-0.41,-1.5,-1.5,0.09,1,1.5,0.09,1],"f":[0,1,2,0,2,1,3,0,4,5,6,0,7,5,3,0,4,2,8,0,0,9,1,0,9,7,1,0,10,6,5,0,2,9,0,0,10,4,6,0,10,7,4,0,7,10,5,0,9,2,7,0,4,7,2,0,3,1,7,0,3,5,4,0,4,8,3,1,3,8,2,1],"c":[0.239547,0.239547,0.239547,0.8,0,0]}